DateTime,,,,,Ident,Secs,TX,RX
20180424184509,,,,,7,0.0-1.0,524288,4194304
20180424184509,,,,,4,0.0-1.0,655360,5242880
20180424184509,,,,,6,0.0-1.0,655360,5242880
20180424184509,,,,,5,0.0-1.0,655360,5242880
20180424184509,,,,,3,0.0-1.0,524288,4194304
20180424184509,,,,,-1,0.0-1.0,3014656,24117248
20180424184510,,,,,7,1.0-2.0,655360,5242880
20180424184510,,,,,6,1.0-2.0,524288,4194304
20180424184510,,,,,5,1.0-2.0,393216,3145728
20180424184510,,,,,4,1.0-2.0,655360,5242880
20180424184510,,,,,3,1.0-2.0,262144,2097152
20180424184510,,,,,-1,1.0-2.0,2490368,19922944
20180424184511,,,,,4,2.0-3.0,655360,5242880
20180424184511,,,,,7,2.0-3.0,786432,6291456
20180424184511,,,,,6,2.0-3.0,786432,6291456
20180424184511,,,,,5,2.0-3.0,524288,4194304
20180424184512,,,,,3,2.0-3.0,393216,3145728
20180424184512,,,,,-1,2.0-3.0,3145728,25165824
20180424184512,,,,,7,3.0-4.0,524288,4194304
20180424184512,,,,,4,3.0-4.0,655360,5242880
20180424184512,,,,,6,3.0-4.0,524288,4194304
20180424184512,,,,,5,3.0-4.0,393216,3145728
20180424184512,,,,,3,3.0-4.0,131072,1048576
20180424184512,,,,,-1,3.0-4.0,2228224,17825792
20180424184513,,,,,7,4.0-5.0,786432,6291456
20180424184513,,,,,4,4.0-5.0,786432,6291456
20180424184513,,,,,5,4.0-5.0,524288,4194304
20180424184513,,,,,6,4.0-5.0,786432,6291456
20180424184513,,,,,3,4.0-5.0,393216,3145728
20180424184513,,,,,-1,4.0-5.0,3276800,26214400
20180424184514,,,,,6,5.0-6.0,393216,3145728
20180424184514,,,,,5,5.0-6.0,393216,3145728
20180424184514,,,,,4,5.0-6.0,655360,5242880
20180424184514,,,,,7,5.0-6.0,524288,4194304
20180424184514,,,,,3,5.0-6.0,393216,3145728
20180424184514,,,,,-1,5.0-6.0,2359296,18874368
20180424184515,,,,,5,6.0-7.0,524288,4194304
20180424184515,,,,,7,6.0-7.0,524288,4194304
20180424184515,,,,,3,6.0-7.0,393216,3145728
20180424184515,,,,,6,6.0-7.0,524288,4194304
20180424184515,,,,,4,6.0-7.0,655360,5242880
20180424184515,,,,,-1,6.0-7.0,2621440,20971520
20180424184516,,,,,4,7.0-8.0,655360,5242880
20180424184516,,,,,7,7.0-8.0,655360,5242880
20180424184516,,,,,6,7.0-8.0,524288,4194304
20180424184516,,,,,5,7.0-8.0,655360,5242880
20180424184516,,,,,3,7.0-8.0,524288,4194304
20180424184516,,,,,-1,7.0-8.0,3014656,24117248
20180424184517,,,,,5,8.0-9.0,393216,3145728
20180424184517,,,,,4,8.0-9.0,524288,4194304
20180424184517,,,,,6,8.0-9.0,393216,3145728
20180424184517,,,,,7,8.0-9.0,524288,4194304
20180424184517,,,,,3,8.0-9.0,393216,3145728
20180424184517,,,,,-1,8.0-9.0,2228224,17825792
20180424184518,,,,,4,9.0-10.0,655360,5242880
20180424184518,,,,,5,9.0-10.0,524288,4194304
20180424184518,,,,,7,9.0-10.0,655360,5242880
20180424184518,,,,,6,9.0-10.0,524288,4194304
20180424184518,,,,,3,9.0-10.0,524288,4194304
20180424184518,,,,,-1,9.0-10.0,2883584,23068672
20180424184519,,,,,7,10.0-11.0,655360,5242880
20180424184519,,,,,6,10.0-11.0,524288,4194304
20180424184519,,,,,4,10.0-11.0,655360,5242880
20180424184519,,,,,3,10.0-11.0,393216,3145728
20180424184519,,,,,5,10.0-11.0,655360,5242880
20180424184519,,,,,-1,10.0-11.0,2883584,23068672
20180424184520,,,,,6,11.0-12.0,393216,3145728
20180424184520,,,,,4,11.0-12.0,262144,2097152
20180424184520,,,,,7,11.0-12.0,655360,5242880
20180424184520,,,,,3,11.0-12.0,262144,2097152
20180424184520,,,,,5,11.0-12.0,262144,2097152
20180424184520,,,,,-1,11.0-12.0,1835008,14680064
20180424184521,,,,,7,12.0-13.0,655360,5242880
20180424184521,,,,,5,12.0-13.0,524288,4194304
20180424184521,,,,,6,12.0-13.0,655360,5242880
20180424184521,,,,,4,12.0-13.0,524288,4194304
20180424184521,,,,,3,12.0-13.0,393216,3145728
20180424184521,,,,,-1,12.0-13.0,2752512,22020096
20180424184522,,,,,5,13.0-14.0,393216,3145728
20180424184522,,,,,6,13.0-14.0,393216,3145728
20180424184522,,,,,7,13.0-14.0,786432,6291456
20180424184522,,,,,4,13.0-14.0,262144,2097152
20180424184522,,,,,3,13.0-14.0,262144,2097152
20180424184522,,,,,-1,13.0-14.0,2097152,16777216
20180424184523,,,,,7,14.0-15.0,655360,5242880
20180424184523,,,,,4,14.0-15.0,393216,3145728
20180424184523,,,,,6,14.0-15.0,524288,4194304
20180424184523,,,,,5,14.0-15.0,524288,4194304
20180424184523,,,,,3,14.0-15.0,262144,2097152
20180424184523,,,,,-1,14.0-15.0,2359296,18874368
20180424184524,,,,,7,15.0-16.0,917504,7340032
20180424184524,,,,,5,15.0-16.0,393216,3145728
20180424184524,,,,,4,15.0-16.0,393216,3145728
20180424184524,,,,,6,15.0-16.0,655360,5242880
20180424184524,,,,,3,15.0-16.0,393216,3145728
20180424184524,,,,,-1,15.0-16.0,2752512,22020096
20180424184525,,,,,6,16.0-17.0,524288,4194304
20180424184525,,,,,4,16.0-17.0,393216,3145728
20180424184525,,,,,7,16.0-17.0,786432,6291456
20180424184525,,,,,5,16.0-17.0,524288,4194304
20180424184525,,,,,3,16.0-17.0,262144,2097152
20180424184525,,,,,-1,16.0-17.0,2490368,19922944
20180424184526,,,,,6,17.0-18.0,655360,5242880
20180424184526,,,,,7,17.0-18.0,393216,3145728
20180424184526,,,,,5,17.0-18.0,524288,4194304
20180424184526,,,,,4,17.0-18.0,393216,3145728
20180424184526,,,,,3,17.0-18.0,393216,3145728
20180424184526,,,,,-1,17.0-18.0,2359296,18874368
20180424184527,,,,,5,18.0-19.0,524288,4194304
20180424184527,,,,,3,18.0-19.0,393216,3145728
20180424184527,,,,,6,18.0-19.0,524288,4194304
20180424184527,,,,,4,18.0-19.0,524288,4194304
20180424184527,,,,,7,18.0-19.0,524288,4194304
20180424184527,,,,,-1,18.0-19.0,2490368,19922944
20180424184528,,,,,5,19.0-20.0,655360,5242880
20180424184528,,,,,3,19.0-20.0,393216,3145728
20180424184528,,,,,4,19.0-20.0,393216,3145728
20180424184528,,,,,6,19.0-20.0,393216,3145728
20180424184528,,,,,7,19.0-20.0,393216,3145728
20180424184528,,,,,-1,19.0-20.0,2228224,17825792
20180424184529,,,,,4,20.0-21.0,524288,4194304
20180424184529,,,,,5,20.0-21.0,786432,6291456
20180424184529,,,,,3,20.0-21.0,524288,4194304
20180424184529,,,,,7,20.0-21.0,393216,3145728
20180424184529,,,,,6,20.0-21.0,524288,4194304
20180424184529,,,,,-1,20.0-21.0,2752512,22020096
20180424184530,,,,,4,21.0-22.0,786432,6291456
20180424184530,,,,,5,21.0-22.0,786432,6291456
20180424184530,,,,,6,21.0-22.0,393216,3145728
20180424184530,,,,,3,21.0-22.0,655360,5242880
20180424184530,,,,,7,21.0-22.0,655360,5242880
20180424184530,,,,,-1,21.0-22.0,3276800,26214400
20180424184531,,,,,4,22.0-23.0,655360,5242880
20180424184531,,,,,5,22.0-23.0,393216,3145728
20180424184531,,,,,3,22.0-23.0,393216,3145728
20180424184531,,,,,6,22.0-23.0,393216,3145728
20180424184531,,,,,7,22.0-23.0,393216,3145728
20180424184531,,,,,-1,22.0-23.0,2228224,17825792
20180424184532,,,,,4,23.0-24.0,917504,7340032
20180424184532,,,,,3,23.0-24.0,524288,4194304
20180424184532,,,,,7,23.0-24.0,524288,4194304
20180424184532,,,,,5,23.0-24.0,655360,5242880
20180424184532,,,,,6,23.0-24.0,524288,4194304
20180424184532,,,,,-1,23.0-24.0,3145728,25165824
20180424184533,,,,,4,24.0-25.0,655360,5242880
20180424184533,,,,,7,24.0-25.0,393216,3145728
20180424184533,,,,,5,24.0-25.0,393216,3145728
20180424184533,,,,,6,24.0-25.0,393216,3145728
20180424184533,,,,,3,24.0-25.0,524288,4194304
20180424184533,,,,,-1,24.0-25.0,2359296,18874368
20180424184534,,,,,4,25.0-26.0,655360,5242880
20180424184534,,,,,7,25.0-26.0,524288,4194304
20180424184534,,,,,5,25.0-26.0,524288,4194304
20180424184534,,,,,3,25.0-26.0,393216,3145728
20180424184534,,,,,6,25.0-26.0,393216,3145728
20180424184534,,,,,-1,25.0-26.0,2490368,19922944
20180424184535,,,,,4,26.0-27.0,655360,5242880
20180424184535,,,,,7,26.0-27.0,786432,6291456
20180424184535,,,,,6,26.0-27.0,524288,4194304
20180424184535,,,,,5,26.0-27.0,655360,5242880
20180424184535,,,,,3,26.0-27.0,655360,5242880
20180424184535,,,,,-1,26.0-27.0,3276800,26214400
20180424184536,,,,,4,27.0-28.0,524288,4194304
20180424184536,,,,,7,27.0-28.0,524288,4194304
20180424184536,,,,,3,27.0-28.0,393216,3145728
20180424184536,,,,,6,27.0-28.0,393216,3145728
20180424184536,,,,,5,27.0-28.0,524288,4194304
20180424184536,,,,,-1,27.0-28.0,2359296,18874368
20180424184537,,,,,7,28.0-29.0,524288,4194304
20180424184537,,,,,6,28.0-29.0,393216,3145728
20180424184537,,,,,4,28.0-29.0,655360,5242880
20180424184537,,,,,3,28.0-29.0,524288,4194304
20180424184537,,,,,5,28.0-29.0,524288,4194304
20180424184537,,,,,-1,28.0-29.0,2621440,20971520
20180424184538,,,,,4,29.0-30.0,655360,5242880
20180424184538,,,,,6,29.0-30.0,524288,4194304
20180424184538,,,,,3,29.0-30.0,524288,4194304
20180424184538,,,,,5,29.0-30.0,524288,4194304
20180424184538,,,,,7,29.0-30.0,655360,5242880
20180424184538,,,,,-1,29.0-30.0,2883584,23068672
20180424184539,,,,,4,30.0-31.0,524288,4194304
20180424184539,,,,,7,30.0-31.0,393216,3145728
20180424184539,,,,,6,30.0-31.0,393216,3145728
20180424184539,,,,,3,30.0-31.0,393216,3145728
20180424184539,,,,,5,30.0-31.0,393216,3145728
20180424184539,,,,,-1,30.0-31.0,2097152,16777216
20180424184540,,,,,4,31.0-32.0,917504,7340032
20180424184540,,,,,7,31.0-32.0,917504,7340032
20180424184540,,,,,3,31.0-32.0,524288,4194304
20180424184540,,,,,5,31.0-32.0,524288,4194304
20180424184540,,,,,6,31.0-32.0,655360,5242880
20180424184540,,,,,-1,31.0-32.0,3538944,28311552
20180424184541,,,,,4,32.0-33.0,655360,5242880
20180424184541,,,,,3,32.0-33.0,393216,3145728
20180424184541,,,,,7,32.0-33.0,524288,4194304
20180424184541,,,,,6,32.0-33.0,262144,2097152
20180424184541,,,,,5,32.0-33.0,393216,3145728
20180424184541,,,,,-1,32.0-33.0,2228224,17825792
20180424184542,,,,,4,33.0-34.0,786432,6291456
20180424184542,,,,,5,33.0-34.0,393216,3145728
20180424184542,,,,,3,33.0-34.0,655360,5242880
20180424184542,,,,,7,33.0-34.0,655360,5242880
20180424184542,,,,,6,33.0-34.0,393216,3145728
20180424184542,,,,,-1,33.0-34.0,2883584,23068672
20180424184543,,,,,4,34.0-35.0,524288,4194304
20180424184543,,,,,3,34.0-35.0,655360,5242880
20180424184543,,,,,7,34.0-35.0,524288,4194304
20180424184543,,,,,5,34.0-35.0,524288,4194304
20180424184543,,,,,6,34.0-35.0,393216,3145728
20180424184543,,,,,-1,34.0-35.0,2621440,20971520
20180424184544,,,,,3,35.0-36.0,524288,4194304
20180424184544,,,,,7,35.0-36.0,393216,3145728
20180424184544,,,,,5,35.0-36.0,393216,3145728
20180424184544,,,,,4,35.0-36.0,655360,5242880
20180424184544,,,,,6,35.0-36.0,393216,3145728
20180424184544,,,,,-1,35.0-36.0,2359296,18874368
20180424184545,,,,,3,36.0-37.0,655360,5242880
20180424184545,,,,,4,36.0-37.0,524288,4194304
20180424184545,,,,,7,36.0-37.0,524288,4194304
20180424184545,,,,,6,36.0-37.0,524288,4194304
20180424184545,,,,,5,36.0-37.0,524288,4194304
20180424184545,,,,,-1,36.0-37.0,2752512,22020096
20180424184546,,,,,3,37.0-38.0,655360,5242880
20180424184546,,,,,4,37.0-38.0,524288,4194304
20180424184546,,,,,7,37.0-38.0,524288,4194304
20180424184546,,,,,5,37.0-38.0,524288,4194304
20180424184546,,,,,6,37.0-38.0,524288,4194304
20180424184546,,,,,-1,37.0-38.0,2752512,22020096
20180424184547,,,,,4,38.0-39.0,524288,4194304
20180424184547,,,,,5,38.0-39.0,393216,3145728
20180424184547,,,,,7,38.0-39.0,524288,4194304
20180424184547,,,,,3,38.0-39.0,655360,5242880
20180424184547,,,,,6,38.0-39.0,393216,3145728
20180424184547,,,,,-1,38.0-39.0,2490368,19922944
20180424184548,,,,,4,39.0-40.0,655360,5242880
20180424184548,,,,,6,39.0-40.0,393216,3145728
20180424184548,,,,,5,39.0-40.0,524288,4194304
20180424184548,,,,,3,39.0-40.0,524288,4194304
20180424184548,,,,,7,39.0-40.0,524288,4194304
20180424184548,,,,,-1,39.0-40.0,2621440,20971520
20180424184549,,,,,4,40.0-41.0,655360,5242880
20180424184549,,,,,6,40.0-41.0,524288,4194304
20180424184549,,,,,5,40.0-41.0,524288,4194304
20180424184549,,,,,3,40.0-41.0,393216,3145728
20180424184549,,,,,7,40.0-41.0,393216,3145728
20180424184549,,,,,-1,40.0-41.0,2490368,19922944
20180424184550,,,,,4,41.0-42.0,786432,6291456
20180424184550,,,,,6,41.0-42.0,655360,5242880
20180424184550,,,,,5,41.0-42.0,393216,3145728
20180424184550,,,,,7,41.0-42.0,393216,3145728
20180424184550,,,,,3,41.0-42.0,393216,3145728
20180424184550,,,,,-1,41.0-42.0,2621440,20971520
20180424184551,,,,,4,42.0-43.0,917504,7340032
20180424184551,,,,,6,42.0-43.0,786432,6291456
20180424184551,,,,,5,42.0-43.0,524288,4194304
20180424184551,,,,,3,42.0-43.0,393216,3145728
20180424184551,,,,,7,42.0-43.0,393216,3145728
20180424184551,,,,,-1,42.0-43.0,3014656,24117248
20180424184552,,,,,4,43.0-44.0,655360,5242880
20180424184552,,,,,6,43.0-44.0,524288,4194304
20180424184552,,,,,3,43.0-44.0,393216,3145728
20180424184552,,,,,7,43.0-44.0,393216,3145728
20180424184552,,,,,5,43.0-44.0,524288,4194304
20180424184552,,,,,-1,43.0-44.0,2490368,19922944
20180424184553,,,,,4,44.0-45.0,655360,5242880
20180424184553,,,,,5,44.0-45.0,393216,3145728
20180424184553,,,,,6,44.0-45.0,655360,5242880
20180424184553,,,,,3,44.0-45.0,393216,3145728
20180424184553,,,,,7,44.0-45.0,393216,3145728
20180424184553,,,,,-1,44.0-45.0,2490368,19922944
20180424184554,,,,,7,45.0-46.0,393216,3145728
20180424184554,,,,,3,45.0-46.0,524288,4194304
20180424184554,,,,,4,45.0-46.0,786432,6291456
20180424184554,,,,,6,45.0-46.0,524288,4194304
20180424184554,,,,,5,45.0-46.0,524288,4194304
20180424184554,,,,,-1,45.0-46.0,2752512,22020096
20180424184555,,,,,3,46.0-47.0,524288,4194304
20180424184555,,,,,4,46.0-47.0,655360,5242880
20180424184555,,,,,5,46.0-47.0,393216,3145728
20180424184555,,,,,6,46.0-47.0,393216,3145728
20180424184555,,,,,7,46.0-47.0,524288,4194304
20180424184555,,,,,-1,46.0-47.0,2490368,19922944
20180424184556,,,,,3,47.0-48.0,524288,4194304
20180424184556,,,,,5,47.0-48.0,524288,4194304
20180424184556,,,,,4,47.0-48.0,655360,5242880
20180424184556,,,,,6,47.0-48.0,524288,4194304
20180424184556,,,,,7,47.0-48.0,524288,4194304
20180424184556,,,,,-1,47.0-48.0,2752512,22020096
20180424184557,,,,,5,48.0-49.0,393216,3145728
20180424184557,,,,,4,48.0-49.0,524288,4194304
20180424184557,,,,,3,48.0-49.0,655360,5242880
20180424184557,,,,,6,48.0-49.0,393216,3145728
20180424184557,,,,,7,48.0-49.0,393216,3145728
20180424184557,,,,,-1,48.0-49.0,2359296,18874368
20180424184558,,,,,4,49.0-50.0,524288,4194304
20180424184558,,,,,3,49.0-50.0,393216,3145728
20180424184558,,,,,5,49.0-50.0,524288,4194304
20180424184558,,,,,7,49.0-50.0,262144,2097152
20180424184558,,,,,6,49.0-50.0,393216,3145728
20180424184558,,,,,-1,49.0-50.0,2097152,16777216
20180424184559,,,,,4,50.0-51.0,786432,6291456
20180424184559,,,,,5,50.0-51.0,524288,4194304
20180424184559,,,,,3,50.0-51.0,655360,5242880
20180424184559,,,,,7,50.0-51.0,524288,4194304
20180424184559,,,,,6,50.0-51.0,524288,4194304
20180424184559,,,,,-1,50.0-51.0,3014656,24117248
20180424184600,,,,,4,51.0-52.0,524288,4194304
20180424184600,,,,,5,51.0-52.0,524288,4194304
20180424184600,,,,,3,51.0-52.0,524288,4194304
20180424184600,,,,,6,51.0-52.0,262144,2097152
20180424184600,,,,,7,51.0-52.0,393216,3145728
20180424184600,,,,,-1,51.0-52.0,2228224,17825792
20180424184601,,,,,7,52.0-53.0,262144,2097152
20180424184601,,,,,3,52.0-53.0,524288,4194304
20180424184601,,,,,5,52.0-53.0,393216,3145728
20180424184601,,,,,4,52.0-53.0,524288,4194304
20180424184601,,,,,6,52.0-53.0,393216,3145728
20180424184601,,,,,-1,52.0-53.0,2097152,16777216
20180424184602,,,,,3,53.0-54.0,655360,5242880
20180424184602,,,,,5,53.0-54.0,655360,5242880
20180424184602,,,,,4,53.0-54.0,524288,4194304
20180424184602,,,,,7,53.0-54.0,655360,5242880
20180424184602,,,,,6,53.0-54.0,524288,4194304
20180424184602,,,,,-1,53.0-54.0,3014656,24117248
20180424184603,,,,,4,54.0-55.0,524288,4194304
20180424184603,,,,,6,54.0-55.0,393216,3145728
20180424184603,,,,,3,54.0-55.0,524288,4194304
20180424184603,,,,,7,54.0-55.0,393216,3145728
20180424184603,,,,,5,54.0-55.0,524288,4194304
20180424184603,,,,,-1,54.0-55.0,2359296,18874368
20180424184604,,,,,5,55.0-56.0,393216,3145728
20180424184604,,,,,6,55.0-56.0,524288,4194304
20180424184604,,,,,3,55.0-56.0,524288,4194304
20180424184604,,,,,7,55.0-56.0,393216,3145728
20180424184604,,,,,4,55.0-56.0,524288,4194304
20180424184604,,,,,-1,55.0-56.0,2359296,18874368
20180424184605,,,,,3,56.0-57.0,655360,5242880
20180424184605,,,,,5,56.0-57.0,655360,5242880
20180424184605,,,,,4,56.0-57.0,393216,3145728
20180424184605,,,,,7,56.0-57.0,524288,4194304
20180424184605,,,,,6,56.0-57.0,655360,5242880
20180424184605,,,,,-1,56.0-57.0,2883584,23068672
20180424184606,,,,,6,57.0-58.0,393216,3145728
20180424184606,,,,,3,57.0-58.0,524288,4194304
20180424184606,,,,,5,57.0-58.0,524288,4194304
20180424184606,,,,,4,57.0-58.0,393216,3145728
20180424184606,,,,,7,57.0-58.0,393216,3145728
20180424184606,,,,,-1,57.0-58.0,2228224,17825792
20180424184607,,,,,3,58.0-59.0,524288,4194304
20180424184607,,,,,4,58.0-59.0,393216,3145728
20180424184607,,,,,5,58.0-59.0,655360,5242880
20180424184607,,,,,7,58.0-59.0,262144,2097152
20180424184607,,,,,6,58.0-59.0,524288,4194304
20180424184607,,,,,-1,58.0-59.0,2359296,18874368
20180424184608,,,,,5,59.0-60.0,655360,5242880
20180424184608,,,,,6,59.0-60.0,524288,4194304
20180424184608,,,,,4,59.0-60.0,655360,5242880
20180424184608,,,,,7,59.0-60.0,524288,4194304
20180424184608,,,,,3,59.0-60.0,786432,6291456
20180424184608,,,,,-1,59.0-60.0,3145728,25165824
20180424184609,,,,,4,60.0-61.0,393216,3145728
20180424184609,,,,,6,60.0-61.0,393216,3145728
20180424184609,,,,,3,60.0-61.0,393216,3145728
20180424184609,,,,,5,60.0-61.0,655360,5242880
20180424184609,,,,,7,60.0-61.0,393216,3145728
20180424184609,,,,,-1,60.0-61.0,2228224,17825792
20180424184610,,,,,5,61.0-62.0,524288,4194304
20180424184610,,,,,4,61.0-62.0,655360,5242880
20180424184610,,,,,3,61.0-62.0,524288,4194304
20180424184610,,,,,7,61.0-62.0,393216,3145728
20180424184610,,,,,6,61.0-62.0,524288,4194304
20180424184610,,,,,-1,61.0-62.0,2621440,20971520
20180424184611,,,,,5,62.0-63.0,655360,5242880
20180424184611,,,,,4,62.0-63.0,524288,4194304
20180424184611,,,,,7,62.0-63.0,393216,3145728
20180424184611,,,,,3,62.0-63.0,524288,4194304
20180424184611,,,,,6,62.0-63.0,393216,3145728
20180424184611,,,,,-1,62.0-63.0,2490368,19922944
20180424184612,,,,,5,63.0-64.0,655360,5242880
20180424184612,,,,,4,63.0-64.0,655360,5242880
20180424184612,,,,,7,63.0-64.0,393216,3145728
20180424184612,,,,,3,63.0-64.0,524288,4194304
20180424184612,,,,,6,63.0-64.0,393216,3145728
20180424184612,,,,,-1,63.0-64.0,2621440,20971520
20180424184613,,,,,5,64.0-65.0,524288,4194304
20180424184613,,,,,4,64.0-65.0,524288,4194304
20180424184613,,,,,3,64.0-65.0,524288,4194304
20180424184613,,,,,7,64.0-65.0,393216,3145728
20180424184613,,,,,6,64.0-65.0,262144,2097152
20180424184613,,,,,-1,64.0-65.0,2228224,17825792
20180424184614,,,,,5,65.0-66.0,524288,4194304
20180424184614,,,,,4,65.0-66.0,524288,4194304
20180424184614,,,,,3,65.0-66.0,524288,4194304
20180424184614,,,,,7,65.0-66.0,393216,3145728
20180424184614,,,,,6,65.0-66.0,393216,3145728
20180424184614,,,,,-1,65.0-66.0,2359296,18874368
20180424184615,,,,,3,66.0-67.0,524288,4194304
20180424184615,,,,,4,66.0-67.0,655360,5242880
20180424184615,,,,,5,66.0-67.0,655360,5242880
20180424184615,,,,,7,66.0-67.0,524288,4194304
20180424184615,,,,,6,66.0-67.0,393216,3145728
20180424184615,,,,,-1,66.0-67.0,2752512,22020096
20180424184616,,,,,5,67.0-68.0,655360,5242880
20180424184616,,,,,3,67.0-68.0,655360,5242880
20180424184616,,,,,4,67.0-68.0,655360,5242880
20180424184616,,,,,7,67.0-68.0,393216,3145728
20180424184616,,,,,6,67.0-68.0,393216,3145728
20180424184616,,,,,-1,67.0-68.0,2752512,22020096
20180424184617,,,,,4,68.0-69.0,524288,4194304
20180424184617,,,,,5,68.0-69.0,524288,4194304
20180424184617,,,,,6,68.0-69.0,262144,2097152
20180424184617,,,,,3,68.0-69.0,524288,4194304
20180424184617,,,,,7,68.0-69.0,393216,3145728
20180424184617,,,,,-1,68.0-69.0,2228224,17825792
20180424184618,,,,,4,69.0-70.0,655360,5242880
20180424184618,,,,,5,69.0-70.0,655360,5242880
20180424184618,,,,,3,69.0-70.0,524288,4194304
20180424184618,,,,,7,69.0-70.0,393216,3145728
20180424184618,,,,,6,69.0-70.0,524288,4194304
20180424184618,,,,,-1,69.0-70.0,2752512,22020096
20180424184619,,,,,4,70.0-71.0,655360,5242880
20180424184619,,,,,7,70.0-71.0,524288,4194304
20180424184619,,,,,5,70.0-71.0,655360,5242880
20180424184619,,,,,6,70.0-71.0,393216,3145728
20180424184619,,,,,3,70.0-71.0,524288,4194304
20180424184619,,,,,-1,70.0-71.0,2752512,22020096
20180424184620,,,,,4,71.0-72.0,393216,3145728
20180424184620,,,,,5,71.0-72.0,262144,2097152
20180424184620,,,,,3,71.0-72.0,262144,2097152
20180424184620,,,,,6,71.0-72.0,262144,2097152
20180424184620,,,,,7,71.0-72.0,393216,3145728
20180424184620,,,,,-1,71.0-72.0,1572864,12582912
20180424184621,,,,,3,72.0-73.0,524288,4194304
20180424184621,,,,,6,72.0-73.0,524288,4194304
20180424184621,,,,,4,72.0-73.0,655360,5242880
20180424184621,,,,,5,72.0-73.0,655360,5242880
20180424184621,,,,,7,72.0-73.0,524288,4194304
20180424184621,,,,,-1,72.0-73.0,2883584,23068672
20180424184622,,,,,5,73.0-74.0,393216,3145728
20180424184622,,,,,4,73.0-74.0,524288,4194304
20180424184622,,,,,3,73.0-74.0,524288,4194304
20180424184622,,,,,6,73.0-74.0,655360,5242880
20180424184622,,,,,7,73.0-74.0,524288,4194304
20180424184622,,,,,-1,73.0-74.0,2621440,20971520
20180424184623,,,,,5,74.0-75.0,393216,3145728
20180424184623,,,,,7,74.0-75.0,393216,3145728
20180424184623,,,,,6,74.0-75.0,524288,4194304
20180424184623,,,,,4,74.0-75.0,524288,4194304
20180424184623,,,,,3,74.0-75.0,524288,4194304
20180424184623,,,,,-1,74.0-75.0,2359296,18874368
20180424184624,,,,,6,75.0-76.0,655360,5242880
20180424184624,,,,,4,75.0-76.0,393216,3145728
20180424184624,,,,,7,75.0-76.0,524288,4194304
20180424184624,,,,,5,75.0-76.0,524288,4194304
20180424184625,,,,,3,75.0-76.0,393216,3145728
20180424184625,,,,,-1,75.0-76.0,2490368,19922944
20180424184625,,,,,6,76.0-77.0,786432,6291456
20180424184625,,,,,7,76.0-77.0,655360,5242880
20180424184625,,,,,5,76.0-77.0,393216,3145728
20180424184625,,,,,4,76.0-77.0,524288,4194304
20180424184625,,,,,3,76.0-77.0,262144,2097152
20180424184625,,,,,-1,76.0-77.0,2621440,20971520
20180424184626,,,,,6,77.0-78.0,917504,7340032
20180424184626,,,,,7,77.0-78.0,524288,4194304
20180424184626,,,,,4,77.0-78.0,393216,3145728
20180424184626,,,,,5,77.0-78.0,393216,3145728
20180424184626,,,,,3,77.0-78.0,262144,2097152
20180424184626,,,,,-1,77.0-78.0,2490368,19922944
20180424184627,,,,,7,78.0-79.0,786432,6291456
20180424184627,,,,,3,78.0-79.0,393216,3145728
20180424184627,,,,,6,78.0-79.0,786432,6291456
20180424184627,,,,,4,78.0-79.0,524288,4194304
20180424184627,,,,,5,78.0-79.0,393216,3145728
20180424184627,,,,,-1,78.0-79.0,2883584,23068672
20180424184628,,,,,6,79.0-80.0,524288,4194304
20180424184628,,,,,7,79.0-80.0,786432,6291456
20180424184628,,,,,3,79.0-80.0,524288,4194304
20180424184628,,,,,4,79.0-80.0,393216,3145728
20180424184628,,,,,5,79.0-80.0,393216,3145728
20180424184628,,,,,-1,79.0-80.0,2621440,20971520
20180424184629,,,,,6,80.0-81.0,655360,5242880
20180424184629,,,,,7,80.0-81.0,655360,5242880
20180424184629,,,,,5,80.0-81.0,262144,2097152
20180424184629,,,,,3,80.0-81.0,524288,4194304
20180424184629,,,,,4,80.0-81.0,393216,3145728
20180424184629,,,,,-1,80.0-81.0,2490368,19922944
20180424184630,,,,,5,81.0-82.0,393216,3145728
20180424184630,,,,,6,81.0-82.0,655360,5242880
20180424184630,,,,,7,81.0-82.0,655360,5242880
20180424184630,,,,,4,81.0-82.0,393216,3145728
20180424184630,,,,,3,81.0-82.0,524288,4194304
20180424184630,,,,,-1,81.0-82.0,2621440,20971520
20180424184631,,,,,7,82.0-83.0,524288,4194304
20180424184631,,,,,6,82.0-83.0,393216,3145728
20180424184631,,,,,3,82.0-83.0,524288,4194304
20180424184631,,,,,5,82.0-83.0,393216,3145728
20180424184631,,,,,4,82.0-83.0,524288,4194304
20180424184631,,,,,-1,82.0-83.0,2359296,18874368
20180424184632,,,,,6,83.0-84.0,524288,4194304
20180424184632,,,,,4,83.0-84.0,524288,4194304
20180424184632,,,,,7,83.0-84.0,786432,6291456
20180424184632,,,,,3,83.0-84.0,524288,4194304
20180424184632,,,,,5,83.0-84.0,524288,4194304
20180424184632,,,,,-1,83.0-84.0,2883584,23068672
20180424184633,,,,,7,84.0-85.0,655360,5242880
20180424184633,,,,,4,84.0-85.0,524288,4194304
20180424184633,,,,,6,84.0-85.0,655360,5242880
20180424184633,,,,,3,84.0-85.0,524288,4194304
20180424184633,,,,,5,84.0-85.0,524288,4194304
20180424184633,,,,,-1,84.0-85.0,2883584,23068672
20180424184634,,,,,7,85.0-86.0,655360,5242880
20180424184634,,,,,6,85.0-86.0,524288,4194304
20180424184634,,,,,5,85.0-86.0,393216,3145728
20180424184634,,,,,4,85.0-86.0,524288,4194304
20180424184634,,,,,3,85.0-86.0,393216,3145728
20180424184634,,,,,-1,85.0-86.0,2490368,19922944
20180424184635,,,,,7,86.0-87.0,655360,5242880
20180424184635,,,,,6,86.0-87.0,393216,3145728
20180424184635,,,,,4,86.0-87.0,393216,3145728
20180424184635,,,,,3,86.0-87.0,393216,3145728
20180424184635,,,,,5,86.0-87.0,393216,3145728
20180424184635,,,,,-1,86.0-87.0,2228224,17825792
20180424184636,,,,,7,87.0-88.0,786432,6291456
20180424184636,,,,,4,87.0-88.0,393216,3145728
20180424184636,,,,,3,87.0-88.0,393216,3145728
20180424184636,,,,,6,87.0-88.0,655360,5242880
20180424184636,,,,,5,87.0-88.0,393216,3145728
20180424184636,,,,,-1,87.0-88.0,2621440,20971520
20180424184637,,,,,7,88.0-89.0,655360,5242880
20180424184637,,,,,4,88.0-89.0,524288,4194304
20180424184637,,,,,6,88.0-89.0,655360,5242880
20180424184637,,,,,5,88.0-89.0,393216,3145728
20180424184637,,,,,3,88.0-89.0,524288,4194304
20180424184637,,,,,-1,88.0-89.0,2752512,22020096
20180424184638,,,,,7,89.0-90.0,655360,5242880
20180424184638,,,,,6,89.0-90.0,655360,5242880
20180424184638,,,,,5,89.0-90.0,524288,4194304
20180424184638,,,,,3,89.0-90.0,393216,3145728
20180424184638,,,,,4,89.0-90.0,655360,5242880
20180424184638,,,,,-1,89.0-90.0,2883584,23068672
20180424184639,,,,,7,90.0-91.0,524288,4194304
20180424184639,,,,,4,90.0-91.0,393216,3145728
20180424184639,,,,,6,90.0-91.0,524288,4194304
20180424184639,,,,,3,90.0-91.0,393216,3145728
20180424184639,,,,,5,90.0-91.0,524288,4194304
20180424184639,,,,,-1,90.0-91.0,2359296,18874368
20180424184640,,,,,6,91.0-92.0,524288,4194304
20180424184640,,,,,4,91.0-92.0,524288,4194304
20180424184640,,,,,5,91.0-92.0,524288,4194304
20180424184640,,,,,7,91.0-92.0,786432,6291456
20180424184640,,,,,3,91.0-92.0,524288,4194304
20180424184640,,,,,-1,91.0-92.0,2883584,23068672
20180424184641,,,,,7,92.0-93.0,655360,5242880
20180424184641,,,,,5,92.0-93.0,524288,4194304
20180424184641,,,,,4,92.0-93.0,524288,4194304
20180424184641,,,,,6,92.0-93.0,655360,5242880
20180424184641,,,,,3,92.0-93.0,393216,3145728
20180424184641,,,,,-1,92.0-93.0,2752512,22020096
20180424184642,,,,,7,93.0-94.0,655360,5242880
20180424184642,,,,,5,93.0-94.0,524288,4194304
20180424184642,,,,,6,93.0-94.0,524288,4194304
20180424184642,,,,,3,93.0-94.0,393216,3145728
20180424184642,,,,,4,93.0-94.0,524288,4194304
20180424184642,,,,,-1,93.0-94.0,2621440,20971520
20180424184643,,,,,4,94.0-95.0,393216,3145728
20180424184643,,,,,5,94.0-95.0,524288,4194304
20180424184643,,,,,3,94.0-95.0,524288,4194304
20180424184643,,,,,7,94.0-95.0,655360,5242880
20180424184643,,,,,6,94.0-95.0,524288,4194304
20180424184643,,,,,-1,94.0-95.0,2621440,20971520
20180424184644,,,,,7,95.0-96.0,524288,4194304
20180424184644,,,,,3,95.0-96.0,524288,4194304
20180424184644,,,,,6,95.0-96.0,524288,4194304
20180424184644,,,,,4,95.0-96.0,524288,4194304
20180424184644,,,,,5,95.0-96.0,524288,4194304
20180424184644,,,,,-1,95.0-96.0,2621440,20971520
20180424184645,,,,,3,96.0-97.0,524288,4194304
20180424184645,,,,,5,96.0-97.0,393216,3145728
20180424184645,,,,,7,96.0-97.0,655360,5242880
20180424184645,,,,,4,96.0-97.0,393216,3145728
20180424184645,,,,,6,96.0-97.0,524288,4194304
20180424184645,,,,,-1,96.0-97.0,2490368,19922944
20180424184646,,,,,4,97.0-98.0,524288,4194304
20180424184646,,,,,7,97.0-98.0,524288,4194304
20180424184646,,,,,5,97.0-98.0,655360,5242880
20180424184646,,,,,6,97.0-98.0,524288,4194304
20180424184646,,,,,3,97.0-98.0,655360,5242880
20180424184646,,,,,-1,97.0-98.0,2883584,23068672
20180424184647,,,,,6,98.0-99.0,393216,3145728
20180424184647,,,,,5,98.0-99.0,524288,4194304
20180424184647,,,,,3,98.0-99.0,262144,2097152
20180424184647,,,,,4,98.0-99.0,524288,4194304
20180424184647,,,,,7,98.0-99.0,524288,4194304
20180424184647,,,,,-1,98.0-99.0,2228224,17825792
20180424184648,,,,,5,99.0-100.0,655360,5242880
20180424184648,,,,,3,99.0-100.0,524288,4194304
20180424184648,,,,,4,99.0-100.0,393216,3145728
20180424184648,,,,,6,99.0-100.0,655360,5242880
20180424184648,,,,,7,99.0-100.0,524288,4194304
20180424184648,,,,,-1,99.0-100.0,2752512,22020096
20180424184653,,,,,5,100.0-101.0,393216,3145728
20180424184653,,,,,5,101.0-102.0,0,0
20180424184653,,,,,5,102.0-103.0,0,0
20180424184653,,,,,5,103.0-104.0,0,0
20180424184653,,,,,5,104.0-105.0,0,0
20180424184654,,,,,3,100.0-101.0,393216,3145728
20180424184654,,,,,3,101.0-102.0,0,0
20180424184654,,,,,3,102.0-103.0,0,0
20180424184654,,,,,3,103.0-104.0,0,0
20180424184654,,,,,3,104.0-105.0,0,0
20180424184654,,,,,7,100.0-101.0,262144,2097152
20180424184654,,,,,7,101.0-102.0,0,0
20180424184654,,,,,7,102.0-103.0,0,0
20180424184654,,,,,7,103.0-104.0,0,0
20180424184654,,,,,7,104.0-105.0,0,0
20180424184654,,,,,4,100.0-101.0,393216,3145728
20180424184654,,,,,4,101.0-102.0,0,0
20180424184654,,,,,4,102.0-103.0,0,0
20180424184654,,,,,4,103.0-104.0,0,0
20180424184654,,,,,4,104.0-105.0,0,0
20180424184654,,,,,4,105.0-106.0,0,0
20180424184654,,,,,6,100.0-101.0,393216,3145728
20180424184654,,,,,-1,100.0-101.0,1835008,14680064
20180424184654,,,,,6,101.0-102.0,0,0
20180424184654,,,,,-1,101.0-102.0,0,0
20180424184654,,,,,6,102.0-103.0,0,0
20180424184654,,,,,-1,102.0-103.0,0,0
20180424184654,,,,,6,103.0-104.0,0,0
20180424184654,,,,,-1,103.0-104.0,0,0
20180424184654,,,,,6,104.0-105.0,0,0
20180424184654,,,,,6,105.0-106.0,0,0
20180424184654,,,,,3,105.0-106.0,262144,2097152
20180424184654,,,,,5,105.0-106.0,524288,4194304
20180424184654,,,,,7,105.0-106.0,131072,1048576
20180424184654,,,,,-1,105.0-106.0,917504,7340032
20180424184655,,,,,5,106.0-107.0,393216,3145728
20180424184655,,,,,6,106.0-107.0,393216,3145728
20180424184655,,,,,3,106.0-107.0,524288,4194304
20180424184655,,,,,4,106.0-107.0,524288,4194304
20180424184655,,,,,7,106.0-107.0,393216,3145728
20180424184655,,,,,-1,106.0-107.0,2228224,17825792
20180424184656,,,,,4,107.0-108.0,262144,2097152
20180424184656,,,,,3,107.0-108.0,393216,3145728
20180424184656,,,,,6,107.0-108.0,393216,3145728
20180424184656,,,,,7,107.0-108.0,262144,2097152
20180424184656,,,,,5,107.0-108.0,524288,4194304
20180424184656,,,,,-1,107.0-108.0,1835008,14680064
20180424184657,,,,,5,108.0-109.0,524288,4194304
20180424184657,,,,,4,108.0-109.0,524288,4194304
20180424184657,,,,,3,108.0-109.0,655360,5242880
20180424184657,,,,,6,108.0-109.0,393216,3145728
20180424184657,,,,,7,108.0-109.0,524288,4194304
20180424184657,,,,,-1,108.0-109.0,2621440,20971520
20180424184658,,,,,5,109.0-110.0,524288,4194304
20180424184658,,,,,7,109.0-110.0,393216,3145728
20180424184658,,,,,4,109.0-110.0,524288,4194304
20180424184658,,,,,3,109.0-110.0,524288,4194304
20180424184658,,,,,6,109.0-110.0,393216,3145728
20180424184658,,,,,-1,109.0-110.0,2359296,18874368
20180424184659,,,,,5,110.0-111.0,393216,3145728
20180424184659,,,,,7,110.0-111.0,393216,3145728
20180424184659,,,,,4,110.0-111.0,393216,3145728
20180424184659,,,,,3,110.0-111.0,262144,2097152
20180424184659,,,,,6,110.0-111.0,262144,2097152
20180424184659,,,,,-1,110.0-111.0,1703936,13631488
20180424184700,,,,,3,111.0-112.0,262144,2097152
20180424184700,,,,,5,111.0-112.0,524288,4194304
20180424184700,,,,,4,111.0-112.0,393216,3145728
20180424184700,,,,,6,111.0-112.0,262144,2097152
20180424184700,,,,,7,111.0-112.0,393216,3145728
20180424184700,,,,,-1,111.0-112.0,1835008,14680064
20180424184701,,,,,6,112.0-113.0,393216,3145728
20180424184701,,,,,5,112.0-113.0,655360,5242880
20180424184701,,,,,7,112.0-113.0,524288,4194304
20180424184701,,,,,4,112.0-113.0,655360,5242880
20180424184701,,,,,3,112.0-113.0,655360,5242880
20180424184701,,,,,-1,112.0-113.0,2883584,23068672
20180424184702,,,,,4,113.0-114.0,393216,3145728
20180424184702,,,,,7,113.0-114.0,524288,4194304
20180424184702,,,,,5,113.0-114.0,524288,4194304
20180424184702,,,,,3,113.0-114.0,393216,3145728
20180424184702,,,,,6,113.0-114.0,524288,4194304
20180424184702,,,,,-1,113.0-114.0,2359296,18874368
20180424184703,,,,,5,114.0-115.0,393216,3145728
20180424184703,,,,,4,114.0-115.0,524288,4194304
20180424184703,,,,,6,114.0-115.0,393216,3145728
20180424184703,,,,,3,114.0-115.0,524288,4194304
20180424184703,,,,,7,114.0-115.0,524288,4194304
20180424184703,,,,,-1,114.0-115.0,2359296,18874368
20180424184704,,,,,6,115.0-116.0,393216,3145728
20180424184704,,,,,4,115.0-116.0,524288,4194304
20180424184704,,,,,5,115.0-116.0,524288,4194304
20180424184704,,,,,7,115.0-116.0,524288,4194304
20180424184704,,,,,3,115.0-116.0,524288,4194304
20180424184704,,,,,-1,115.0-116.0,2490368,19922944
20180424184705,,,,,5,116.0-117.0,524288,4194304
20180424184705,,,,,7,116.0-117.0,524288,4194304
20180424184705,,,,,4,116.0-117.0,655360,5242880
20180424184705,,,,,6,116.0-117.0,655360,5242880
20180424184705,,,,,3,116.0-117.0,393216,3145728
20180424184705,,,,,-1,116.0-117.0,2752512,22020096
20180424184706,,,,,7,117.0-118.0,393216,3145728
20180424184706,,,,,6,117.0-118.0,262144,2097152
20180424184706,,,,,5,117.0-118.0,524288,4194304
20180424184706,,,,,4,117.0-118.0,393216,3145728
20180424184707,,,,,3,117.0-118.0,262144,2097152
20180424184707,,,,,-1,117.0-118.0,1835008,14680064
20180424184707,,,,,4,118.0-119.0,262144,2097152
20180424184707,,,,,5,118.0-119.0,262144,2097152
20180424184707,,,,,7,118.0-119.0,524288,4194304
20180424184708,,,,,3,118.0-119.0,131072,1048576
20180424184708,,,,,6,118.0-119.0,393216,3145728
20180424184708,,,,,-1,118.0-119.0,1572864,12582912
20180424184708,,,,,6,119.0-120.0,131072,1048576
20180424184708,,,,,5,119.0-120.0,393216,3145728
20180424184708,,,,,7,119.0-120.0,393216,3145728
20180424184708,,,,,4,119.0-120.0,393216,3145728
20180424184709,,,,,5,120.0-121.0,393216,3145728
20180424184709,,,,,3,119.0-120.0,262144,2097152
20180424184709,,,,,-1,119.0-120.0,1572864,12582912
20180424184709,,,,,6,120.0-121.0,393216,3145728
20180424184709,,,,,7,120.0-121.0,393216,3145728
20180424184709,,,,,4,120.0-121.0,393216,3145728
20180424184710,,,,,3,120.0-121.0,131072,1048576
20180424184710,,,,,-1,120.0-121.0,1703936,13631488
20180424184710,,,,,4,121.0-122.0,262144,2097152
20180424184710,,,,,5,121.0-122.0,524288,4194304
20180424184710,,,,,7,121.0-122.0,262144,2097152
20180424184710,,,,,6,121.0-122.0,393216,3145728
20180424184711,,,,,5,122.0-123.0,393216,3145728
20180424184711,,,,,7,122.0-123.0,262144,2097152
20180424184711,,,,,3,121.0-122.0,262144,2097152
20180424184711,,,,,-1,121.0-122.0,1703936,13631488
20180424184711,,,,,4,122.0-123.0,393216,3145728
20180424184712,,,,,6,122.0-123.0,393216,3145728
20180424184712,,,,,3,122.0-123.0,131072,1048576
20180424184712,,,,,-1,122.0-123.0,1572864,12582912
20180424184712,,,,,5,123.0-124.0,393216,3145728
20180424184712,,,,,4,123.0-124.0,262144,2097152
20180424184712,,,,,7,123.0-124.0,262144,2097152
20180424184712,,,,,6,123.0-124.0,262144,2097152
20180424184712,,,,,3,123.0-124.0,131072,1048576
20180424184712,,,,,-1,123.0-124.0,1310720,10485760
20180424184713,,,,,4,124.0-125.0,393216,3145728
20180424184713,,,,,5,124.0-125.0,655360,5242880
20180424184713,,,,,7,124.0-125.0,393216,3145728
20180424184713,,,,,6,124.0-125.0,393216,3145728
20180424184714,,,,,3,124.0-125.0,262144,2097152
20180424184714,,,,,-1,124.0-125.0,2097152,16777216
20180424184714,,,,,6,125.0-126.0,262144,2097152
20180424184714,,,,,4,125.0-126.0,262144,2097152
20180424184714,,,,,5,125.0-126.0,524288,4194304
20180424184714,,,,,7,125.0-126.0,393216,3145728
20180424184715,,,,,3,125.0-126.0,262144,2097152
20180424184715,,,,,-1,125.0-126.0,1703936,13631488
20180424184715,,,,,5,126.0-127.0,393216,3145728
20180424184715,,,,,4,126.0-127.0,393216,3145728
20180424184715,,,,,7,126.0-127.0,393216,3145728
20180424184715,,,,,6,126.0-127.0,524288,4194304
20180424184715,,,,,3,126.0-127.0,131072,1048576
20180424184715,,,,,-1,126.0-127.0,1835008,14680064
20180424184716,,,,,4,127.0-128.0,262144,2097152
20180424184716,,,,,5,127.0-128.0,524288,4194304
20180424184716,,,,,7,127.0-128.0,393216,3145728
20180424184716,,,,,6,127.0-128.0,393216,3145728
20180424184716,,,,,3,127.0-128.0,262144,2097152
20180424184716,,,,,-1,127.0-128.0,1835008,14680064
20180424184717,,,,,5,128.0-129.0,393216,3145728
20180424184717,,,,,6,128.0-129.0,262144,2097152
20180424184717,,,,,7,128.0-129.0,393216,3145728
20180424184717,,,,,4,128.0-129.0,393216,3145728
20180424184718,,,,,3,128.0-129.0,262144,2097152
20180424184718,,,,,-1,128.0-129.0,1703936,13631488
20180424184718,,,,,7,129.0-130.0,393216,3145728
20180424184718,,,,,5,129.0-130.0,393216,3145728
20180424184718,,,,,6,129.0-130.0,393216,3145728
20180424184718,,,,,4,129.0-130.0,262144,2097152
20180424184719,,,,,3,129.0-130.0,262144,2097152
20180424184719,,,,,-1,129.0-130.0,1703936,13631488
20180424184719,,,,,7,130.0-131.0,524288,4194304
20180424184719,,,,,6,130.0-131.0,393216,3145728
20180424184719,,,,,5,130.0-131.0,393216,3145728
20180424184719,,,,,4,130.0-131.0,393216,3145728
20180424184720,,,,,3,130.0-131.0,262144,2097152
20180424184720,,,,,-1,130.0-131.0,1966080,15728640
20180424184720,,,,,7,131.0-132.0,524288,4194304
20180424184720,,,,,5,131.0-132.0,393216,3145728
20180424184720,,,,,6,131.0-132.0,393216,3145728
20180424184721,,,,,4,131.0-132.0,262144,2097152
20180424184721,,,,,3,131.0-132.0,262144,2097152
20180424184721,,,,,-1,131.0-132.0,1835008,14680064
20180424184721,,,,,5,132.0-133.0,262144,2097152
20180424184721,,,,,3,132.0-133.0,131072,1048576
20180424184721,,,,,6,132.0-133.0,393216,3145728
20180424184721,,,,,7,132.0-133.0,393216,3145728
20180424184721,,,,,4,132.0-133.0,262144,2097152
20180424184721,,,,,-1,132.0-133.0,1441792,11534336
20180424184722,,,,,7,133.0-134.0,524288,4194304
20180424184722,,,,,5,133.0-134.0,655360,5242880
20180424184722,,,,,6,133.0-134.0,524288,4194304
20180424184722,,,,,3,133.0-134.0,393216,3145728
20180424184722,,,,,4,133.0-134.0,262144,2097152
20180424184722,,,,,-1,133.0-134.0,2359296,18874368
20180424184723,,,,,5,134.0-135.0,524288,4194304
20180424184723,,,,,6,134.0-135.0,524288,4194304
20180424184723,,,,,7,134.0-135.0,524288,4194304
20180424184723,,,,,4,134.0-135.0,393216,3145728
20180424184723,,,,,3,134.0-135.0,393216,3145728
20180424184723,,,,,-1,134.0-135.0,2359296,18874368
20180424184724,,,,,7,135.0-136.0,524288,4194304
20180424184724,,,,,6,135.0-136.0,524288,4194304
20180424184724,,,,,5,135.0-136.0,524288,4194304
20180424184724,,,,,4,135.0-136.0,393216,3145728
20180424184724,,,,,3,135.0-136.0,393216,3145728
20180424184724,,,,,-1,135.0-136.0,2359296,18874368
20180424184725,,,,,6,136.0-137.0,524288,4194304
20180424184725,,,,,4,136.0-137.0,393216,3145728
20180424184725,,,,,5,136.0-137.0,393216,3145728
20180424184725,,,,,7,136.0-137.0,655360,5242880
20180424184725,,,,,3,136.0-137.0,393216,3145728
20180424184725,,,,,-1,136.0-137.0,2359296,18874368
20180424184726,,,,,6,137.0-138.0,524288,4194304
20180424184726,,,,,7,137.0-138.0,393216,3145728
20180424184726,,,,,4,137.0-138.0,393216,3145728
20180424184726,,,,,5,137.0-138.0,393216,3145728
20180424184726,,,,,3,137.0-138.0,262144,2097152
20180424184726,,,,,-1,137.0-138.0,1966080,15728640
20180424184727,,,,,7,138.0-139.0,524288,4194304
20180424184727,,,,,4,138.0-139.0,393216,3145728
20180424184727,,,,,6,138.0-139.0,655360,5242880
20180424184727,,,,,5,138.0-139.0,262144,2097152
20180424184727,,,,,3,138.0-139.0,262144,2097152
20180424184727,,,,,-1,138.0-139.0,2097152,16777216
20180424184728,,,,,7,139.0-140.0,655360,5242880
20180424184728,,,,,4,139.0-140.0,524288,4194304
20180424184728,,,,,6,139.0-140.0,655360,5242880
20180424184728,,,,,5,139.0-140.0,393216,3145728
20180424184728,,,,,3,139.0-140.0,262144,2097152
20180424184728,,,,,-1,139.0-140.0,2490368,19922944
20180424184729,,,,,6,140.0-141.0,524288,4194304
20180424184729,,,,,7,140.0-141.0,655360,5242880
20180424184729,,,,,5,140.0-141.0,393216,3145728
20180424184729,,,,,4,140.0-141.0,524288,4194304
20180424184730,,,,,3,140.0-141.0,393216,3145728
20180424184730,,,,,-1,140.0-141.0,2490368,19922944
20180424184730,,,,,6,141.0-142.0,393216,3145728
20180424184730,,,,,7,141.0-142.0,393216,3145728
20180424184730,,,,,4,141.0-142.0,262144,2097152
20180424184730,,,,,5,141.0-142.0,262144,2097152
20180424184731,,,,,3,141.0-142.0,262144,2097152
20180424184731,,,,,-1,141.0-142.0,1572864,12582912
20180424184731,,,,,5,142.0-143.0,393216,3145728
20180424184731,,,,,7,142.0-143.0,524288,4194304
20180424184731,,,,,4,142.0-143.0,393216,3145728
20180424184731,,,,,6,142.0-143.0,524288,4194304
20180424184731,,,,,3,142.0-143.0,262144,2097152
20180424184731,,,,,-1,142.0-143.0,2097152,16777216
20180424184732,,,,,7,143.0-144.0,524288,4194304
20180424184732,,,,,6,143.0-144.0,524288,4194304
20180424184732,,,,,4,143.0-144.0,393216,3145728
20180424184732,,,,,3,143.0-144.0,262144,2097152
20180424184732,,,,,5,143.0-144.0,524288,4194304
20180424184732,,,,,-1,143.0-144.0,2228224,17825792
20180424184733,,,,,7,144.0-145.0,524288,4194304
20180424184733,,,,,5,144.0-145.0,393216,3145728
20180424184733,,,,,4,144.0-145.0,524288,4194304
20180424184733,,,,,3,144.0-145.0,393216,3145728
20180424184733,,,,,6,144.0-145.0,393216,3145728
20180424184733,,,,,-1,144.0-145.0,2228224,17825792
20180424184734,,,,,4,145.0-146.0,524288,4194304
20180424184734,,,,,7,145.0-146.0,786432,6291456
20180424184734,,,,,5,145.0-146.0,524288,4194304
20180424184734,,,,,3,145.0-146.0,393216,3145728
20180424184734,,,,,6,145.0-146.0,393216,3145728
20180424184734,,,,,-1,145.0-146.0,2621440,20971520
20180424184735,,,,,5,146.0-147.0,393216,3145728
20180424184735,,,,,4,146.0-147.0,524288,4194304
20180424184735,,,,,7,146.0-147.0,655360,5242880
20180424184735,,,,,6,146.0-147.0,262144,2097152
20180424184735,,,,,3,146.0-147.0,393216,3145728
20180424184735,,,,,-1,146.0-147.0,2228224,17825792
20180424184736,,,,,7,147.0-148.0,524288,4194304
20180424184736,,,,,6,147.0-148.0,393216,3145728
20180424184736,,,,,3,147.0-148.0,262144,2097152
20180424184736,,,,,4,147.0-148.0,393216,3145728
20180424184736,,,,,5,147.0-148.0,524288,4194304
20180424184736,,,,,-1,147.0-148.0,2097152,16777216
20180424184737,,,,,4,148.0-149.0,393216,3145728
20180424184737,,,,,3,148.0-149.0,393216,3145728
20180424184737,,,,,7,148.0-149.0,524288,4194304
20180424184737,,,,,6,148.0-149.0,393216,3145728
20180424184737,,,,,5,148.0-149.0,262144,2097152
20180424184737,,,,,-1,148.0-149.0,1966080,15728640
20180424184738,,,,,7,149.0-150.0,524288,4194304
20180424184738,,,,,4,149.0-150.0,524288,4194304
20180424184738,,,,,3,149.0-150.0,524288,4194304
20180424184738,,,,,6,149.0-150.0,524288,4194304
20180424184738,,,,,5,149.0-150.0,524288,4194304
20180424184738,,,,,-1,149.0-150.0,2621440,20971520
20180424184739,,,,,5,150.0-151.0,262144,2097152
20180424184739,,,,,6,150.0-151.0,262144,2097152
20180424184739,,,,,4,150.0-151.0,524288,4194304
20180424184739,,,,,3,150.0-151.0,393216,3145728
20180424184740,,,,,7,150.0-151.0,524288,4194304
20180424184740,,,,,-1,150.0-151.0,1966080,15728640
20180424184740,,,,,4,151.0-152.0,393216,3145728
20180424184740,,,,,5,151.0-152.0,393216,3145728
20180424184740,,,,,6,151.0-152.0,393216,3145728
20180424184740,,,,,3,151.0-152.0,393216,3145728
20180424184740,,,,,7,151.0-152.0,262144,2097152
20180424184740,,,,,-1,151.0-152.0,1835008,14680064
20180424184741,,,,,4,152.0-153.0,655360,5242880
20180424184741,,,,,5,152.0-153.0,524288,4194304
20180424184741,,,,,6,152.0-153.0,524288,4194304
20180424184741,,,,,3,152.0-153.0,524288,4194304
20180424184741,,,,,7,152.0-153.0,393216,3145728
20180424184741,,,,,-1,152.0-153.0,2621440,20971520
20180424184742,,,,,7,153.0-154.0,393216,3145728
20180424184742,,,,,4,153.0-154.0,524288,4194304
20180424184742,,,,,3,153.0-154.0,393216,3145728
20180424184742,,,,,5,153.0-154.0,655360,5242880
20180424184742,,,,,6,153.0-154.0,524288,4194304
20180424184742,,,,,-1,153.0-154.0,2490368,19922944
20180424184743,,,,,4,154.0-155.0,524288,4194304
20180424184743,,,,,5,154.0-155.0,524288,4194304
20180424184743,,,,,3,154.0-155.0,393216,3145728
20180424184743,,,,,6,154.0-155.0,393216,3145728
20180424184743,,,,,7,154.0-155.0,524288,4194304
20180424184743,,,,,-1,154.0-155.0,2359296,18874368
20180424184744,,,,,5,155.0-156.0,524288,4194304
20180424184744,,,,,4,155.0-156.0,655360,5242880
20180424184744,,,,,3,155.0-156.0,393216,3145728
20180424184744,,,,,7,155.0-156.0,524288,4194304
20180424184744,,,,,6,155.0-156.0,524288,4194304
20180424184744,,,,,-1,155.0-156.0,2621440,20971520
20180424184745,,,,,6,156.0-157.0,393216,3145728
20180424184745,,,,,7,156.0-157.0,393216,3145728
20180424184745,,,,,5,156.0-157.0,655360,5242880
20180424184745,,,,,4,156.0-157.0,524288,4194304
20180424184745,,,,,3,156.0-157.0,393216,3145728
20180424184745,,,,,-1,156.0-157.0,2359296,18874368
20180424184746,,,,,3,157.0-158.0,262144,2097152
20180424184746,,,,,7,157.0-158.0,393216,3145728
20180424184746,,,,,5,157.0-158.0,393216,3145728
20180424184746,,,,,6,157.0-158.0,393216,3145728
20180424184746,,,,,4,157.0-158.0,393216,3145728
20180424184746,,,,,-1,157.0-158.0,1835008,14680064
20180424184747,,,,,4,158.0-159.0,393216,3145728
20180424184747,,,,,5,158.0-159.0,524288,4194304
20180424184747,,,,,7,158.0-159.0,655360,5242880
20180424184747,,,,,3,158.0-159.0,524288,4194304
20180424184747,,,,,6,158.0-159.0,524288,4194304
20180424184747,,,,,-1,158.0-159.0,2621440,20971520
20180424184748,,,,,7,159.0-160.0,524288,4194304
20180424184748,,,,,5,159.0-160.0,524288,4194304
20180424184748,,,,,4,159.0-160.0,524288,4194304
20180424184748,,,,,3,159.0-160.0,524288,4194304
20180424184748,,,,,6,159.0-160.0,524288,4194304
20180424184748,,,,,-1,159.0-160.0,2621440,20971520
20180424184749,,,,,4,160.0-161.0,524288,4194304
20180424184749,,,,,7,160.0-161.0,524288,4194304
20180424184749,,,,,6,160.0-161.0,393216,3145728
20180424184749,,,,,5,160.0-161.0,524288,4194304
20180424184749,,,,,3,160.0-161.0,524288,4194304
20180424184749,,,,,-1,160.0-161.0,2490368,19922944
20180424184750,,,,,5,161.0-162.0,524288,4194304
20180424184750,,,,,6,161.0-162.0,524288,4194304
20180424184750,,,,,3,161.0-162.0,524288,4194304
20180424184750,,,,,7,161.0-162.0,524288,4194304
20180424184750,,,,,4,161.0-162.0,655360,5242880
20180424184750,,,,,-1,161.0-162.0,2752512,22020096
20180424184751,,,,,5,162.0-163.0,524288,4194304
20180424184751,,,,,4,162.0-163.0,393216,3145728
20180424184751,,,,,3,162.0-163.0,524288,4194304
20180424184751,,,,,7,162.0-163.0,393216,3145728
20180424184751,,,,,6,162.0-163.0,524288,4194304
20180424184751,,,,,-1,162.0-163.0,2359296,18874368
20180424184752,,,,,3,163.0-164.0,393216,3145728
20180424184752,,,,,5,163.0-164.0,524288,4194304
20180424184752,,,,,4,163.0-164.0,393216,3145728
20180424184752,,,,,7,163.0-164.0,262144,2097152
20180424184752,,,,,6,163.0-164.0,393216,3145728
20180424184752,,,,,-1,163.0-164.0,1966080,15728640
20180424184753,,,,,4,164.0-165.0,524288,4194304
20180424184753,,,,,3,164.0-165.0,655360,5242880
20180424184753,,,,,5,164.0-165.0,655360,5242880
20180424184753,,,,,7,164.0-165.0,393216,3145728
20180424184753,,,,,6,164.0-165.0,393216,3145728
20180424184753,,,,,-1,164.0-165.0,2621440,20971520
20180424184754,,,,,3,165.0-166.0,524288,4194304
20180424184754,,,,,7,165.0-166.0,393216,3145728
20180424184754,,,,,4,165.0-166.0,524288,4194304
20180424184754,,,,,6,165.0-166.0,393216,3145728
20180424184754,,,,,5,165.0-166.0,655360,5242880
20180424184754,,,,,-1,165.0-166.0,2490368,19922944
20180424184755,,,,,3,166.0-167.0,655360,5242880
20180424184755,,,,,5,166.0-167.0,524288,4194304
20180424184755,,,,,6,166.0-167.0,393216,3145728
20180424184755,,,,,7,166.0-167.0,524288,4194304
20180424184755,,,,,4,166.0-167.0,524288,4194304
20180424184755,,,,,-1,166.0-167.0,2621440,20971520
20180424184756,,,,,4,167.0-168.0,262144,2097152
20180424184756,,,,,5,167.0-168.0,524288,4194304
20180424184756,,,,,3,167.0-168.0,655360,5242880
20180424184756,,,,,6,167.0-168.0,393216,3145728
20180424184756,,,,,7,167.0-168.0,393216,3145728
20180424184756,,,,,-1,167.0-168.0,2228224,17825792
20180424184757,,,,,3,168.0-169.0,524288,4194304
20180424184757,,,,,5,168.0-169.0,524288,4194304
20180424184757,,,,,6,168.0-169.0,393216,3145728
20180424184757,,,,,4,168.0-169.0,393216,3145728
20180424184757,,,,,7,168.0-169.0,393216,3145728
20180424184757,,,,,-1,168.0-169.0,2228224,17825792
20180424184758,,,,,3,169.0-170.0,524288,4194304
20180424184758,,,,,5,169.0-170.0,655360,5242880
20180424184758,,,,,4,169.0-170.0,393216,3145728
20180424184758,,,,,6,169.0-170.0,393216,3145728
20180424184758,,,,,7,169.0-170.0,393216,3145728
20180424184758,,,,,-1,169.0-170.0,2359296,18874368
20180424184759,,,,,6,170.0-171.0,393216,3145728
20180424184759,,,,,5,170.0-171.0,524288,4194304
20180424184759,,,,,7,170.0-171.0,262144,2097152
20180424184759,,,,,4,170.0-171.0,393216,3145728
20180424184759,,,,,3,170.0-171.0,655360,5242880
20180424184759,,,,,-1,170.0-171.0,2228224,17825792
20180424184800,,,,,5,171.0-172.0,524288,4194304
20180424184800,,,,,7,171.0-172.0,524288,4194304
20180424184800,,,,,3,171.0-172.0,524288,4194304
20180424184800,,,,,6,171.0-172.0,524288,4194304
20180424184800,,,,,4,171.0-172.0,524288,4194304
20180424184800,,,,,-1,171.0-172.0,2621440,20971520
20180424184801,,,,,6,172.0-173.0,393216,3145728
20180424184801,,,,,5,172.0-173.0,524288,4194304
20180424184801,,,,,3,172.0-173.0,524288,4194304
20180424184801,,,,,4,172.0-173.0,393216,3145728
20180424184801,,,,,7,172.0-173.0,524288,4194304
20180424184801,,,,,-1,172.0-173.0,2359296,18874368
20180424184802,,,,,7,173.0-174.0,262144,2097152
20180424184802,,,,,5,173.0-174.0,524288,4194304
20180424184802,,,,,6,173.0-174.0,393216,3145728
20180424184802,,,,,4,173.0-174.0,524288,4194304
20180424184802,,,,,3,173.0-174.0,524288,4194304
20180424184802,,,,,-1,173.0-174.0,2228224,17825792
20180424184803,,,,,3,174.0-175.0,393216,3145728
20180424184803,,,,,5,174.0-175.0,524288,4194304
20180424184803,,,,,4,174.0-175.0,393216,3145728
20180424184803,,,,,6,174.0-175.0,524288,4194304
20180424184803,,,,,7,174.0-175.0,524288,4194304
20180424184803,,,,,-1,174.0-175.0,2359296,18874368
20180424184804,,,,,5,175.0-176.0,524288,4194304
20180424184804,,,,,4,175.0-176.0,524288,4194304
20180424184804,,,,,3,175.0-176.0,655360,5242880
20180424184804,,,,,6,175.0-176.0,393216,3145728
20180424184804,,,,,7,175.0-176.0,393216,3145728
20180424184804,,,,,-1,175.0-176.0,2490368,19922944
20180424184805,,,,,5,176.0-177.0,655360,5242880
20180424184805,,,,,6,176.0-177.0,393216,3145728
20180424184805,,,,,3,176.0-177.0,524288,4194304
20180424184805,,,,,7,176.0-177.0,393216,3145728
20180424184805,,,,,4,176.0-177.0,393216,3145728
20180424184805,,,,,-1,176.0-177.0,2359296,18874368
20180424184806,,,,,6,177.0-178.0,524288,4194304
20180424184806,,,,,4,177.0-178.0,262144,2097152
20180424184806,,,,,5,177.0-178.0,655360,5242880
20180424184806,,,,,7,177.0-178.0,393216,3145728
20180424184806,,,,,3,177.0-178.0,524288,4194304
20180424184806,,,,,-1,177.0-178.0,2359296,18874368
20180424184807,,,,,7,178.0-179.0,262144,2097152
20180424184807,,,,,5,178.0-179.0,393216,3145728
20180424184807,,,,,6,178.0-179.0,524288,4194304
20180424184807,,,,,3,178.0-179.0,262144,2097152
20180424184807,,,,,4,178.0-179.0,262144,2097152
20180424184807,,,,,-1,178.0-179.0,1703936,13631488
20180424184808,,,,,5,179.0-180.0,393216,3145728
20180424184808,,,,,6,179.0-180.0,393216,3145728
20180424184808,,,,,7,179.0-180.0,524288,4194304
20180424184808,,,,,3,179.0-180.0,262144,2097152
20180424184808,,,,,4,179.0-180.0,262144,2097152
20180424184808,,,,,-1,179.0-180.0,1835008,14680064
20180424184809,,,,,7,180.0-181.0,262144,2097152
20180424184809,,,,,6,180.0-181.0,524288,4194304
20180424184809,,,,,3,180.0-181.0,262144,2097152
20180424184809,,,,,4,180.0-181.0,262144,2097152
20180424184810,,,,,5,180.0-181.0,393216,3145728
20180424184810,,,,,-1,180.0-181.0,1703936,13631488
20180424184810,,,,,6,181.0-182.0,524288,4194304
20180424184810,,,,,7,181.0-182.0,524288,4194304
20180424184810,,,,,4,181.0-182.0,393216,3145728
20180424184811,,,,,5,181.0-182.0,262144,2097152
20180424184811,,,,,3,181.0-182.0,393216,3145728
20180424184811,,,,,-1,181.0-182.0,2097152,16777216
20180424184811,,,,,7,182.0-183.0,262144,2097152
20180424184811,,,,,6,182.0-183.0,524288,4194304
20180424184812,,,,,3,182.0-183.0,262144,2097152
20180424184812,,,,,4,182.0-183.0,262144,2097152
20180424184812,,,,,5,182.0-183.0,262144,2097152
20180424184812,,,,,-1,182.0-183.0,1572864,12582912
20180424184812,,,,,4,183.0-184.0,131072,1048576
20180424184812,,,,,6,183.0-184.0,393216,3145728
20180424184812,,,,,3,183.0-184.0,131072,1048576
20180424184812,,,,,5,183.0-184.0,131072,1048576
20180424184812,,,,,7,183.0-184.0,393216,3145728
20180424184812,,,,,-1,183.0-184.0,1179648,9437184
20180424184813,,,,,6,184.0-185.0,524288,4194304
20180424184813,,,,,7,184.0-185.0,262144,2097152
20180424184813,,,,,3,184.0-185.0,393216,3145728
20180424184813,,,,,5,184.0-185.0,262144,2097152
20180424184813,,,,,4,184.0-185.0,524288,4194304
20180424184813,,,,,-1,184.0-185.0,1966080,15728640
20180424184814,,,,,6,185.0-186.0,655360,5242880
20180424184814,,,,,5,185.0-186.0,262144,2097152
20180424184814,,,,,3,185.0-186.0,262144,2097152
20180424184814,,,,,7,185.0-186.0,524288,4194304
20180424184814,,,,,4,185.0-186.0,393216,3145728
20180424184814,,,,,-1,185.0-186.0,2097152,16777216
20180424184815,,,,,6,186.0-187.0,524288,4194304
20180424184815,,,,,3,186.0-187.0,262144,2097152
20180424184815,,,,,7,186.0-187.0,393216,3145728
20180424184816,,,,,4,186.0-187.0,262144,2097152
20180424184816,,,,,5,186.0-187.0,393216,3145728
20180424184816,,,,,-1,186.0-187.0,1835008,14680064
20180424184816,,,,,7,187.0-188.0,262144,2097152
20180424184816,,,,,6,187.0-188.0,393216,3145728
20180424184816,,,,,5,187.0-188.0,131072,1048576
20180424184816,,,,,3,187.0-188.0,262144,2097152
20180424184816,,,,,4,187.0-188.0,262144,2097152
20180424184816,,,,,-1,187.0-188.0,1310720,10485760
20180424184817,,,,,6,188.0-189.0,393216,3145728
20180424184817,,,,,7,188.0-189.0,524288,4194304
20180424184817,,,,,5,188.0-189.0,262144,2097152
20180424184817,,,,,4,188.0-189.0,262144,2097152
20180424184818,,,,,3,188.0-189.0,262144,2097152
20180424184818,,,,,-1,188.0-189.0,1703936,13631488
20180424184818,,,,,7,189.0-190.0,524288,4194304
20180424184818,,,,,5,189.0-190.0,262144,2097152
20180424184818,,,,,6,189.0-190.0,524288,4194304
20180424184819,,,,,4,189.0-190.0,262144,2097152
20180424184819,,,,,3,189.0-190.0,262144,2097152
20180424184819,,,,,-1,189.0-190.0,1835008,14680064
20180424184819,,,,,7,190.0-191.0,393216,3145728
20180424184819,,,,,6,190.0-191.0,262144,2097152
20180424184820,,,,,5,190.0-191.0,262144,2097152
20180424184820,,,,,3,190.0-191.0,131072,1048576
20180424184820,,,,,4,190.0-191.0,262144,2097152
20180424184820,,,,,-1,190.0-191.0,1310720,10485760
20180424184820,,,,,7,191.0-192.0,524288,4194304
20180424184820,,,,,6,191.0-192.0,393216,3145728
20180424184821,,,,,5,191.0-192.0,262144,2097152
20180424184821,,,,,4,191.0-192.0,262144,2097152
20180424184821,,,,,3,191.0-192.0,262144,2097152
20180424184821,,,,,-1,191.0-192.0,1703936,13631488
20180424184821,,,,,7,192.0-193.0,524288,4194304
20180424184821,,,,,4,192.0-193.0,131072,1048576
20180424184821,,,,,3,192.0-193.0,131072,1048576
20180424184821,,,,,5,192.0-193.0,262144,2097152
20180424184822,,,,,6,192.0-193.0,262144,2097152
20180424184822,,,,,-1,192.0-193.0,1310720,10485760
20180424184822,,,,,7,193.0-194.0,655360,5242880
20180424184822,,,,,5,193.0-194.0,262144,2097152
20180424184822,,,,,3,193.0-194.0,393216,3145728
20180424184822,,,,,4,193.0-194.0,393216,3145728
20180424184823,,,,,6,193.0-194.0,262144,2097152
20180424184823,,,,,-1,193.0-194.0,1966080,15728640
20180424184823,,,,,7,194.0-195.0,655360,5242880
20180424184823,,,,,5,194.0-195.0,393216,3145728
20180424184823,,,,,3,194.0-195.0,393216,3145728
20180424184823,,,,,4,194.0-195.0,393216,3145728
20180424184824,,,,,6,194.0-195.0,262144,2097152
20180424184824,,,,,-1,194.0-195.0,2097152,16777216
20180424184824,,,,,4,195.0-196.0,262144,2097152
20180424184824,,,,,7,195.0-196.0,655360,5242880
20180424184824,,,,,5,195.0-196.0,393216,3145728
20180424184824,,,,,3,195.0-196.0,393216,3145728
20180424184824,,,,,6,195.0-196.0,262144,2097152
20180424184824,,,,,-1,195.0-196.0,1966080,15728640
20180424184825,,,,,7,196.0-197.0,655360,5242880
20180424184825,,,,,3,196.0-197.0,393216,3145728
20180424184825,,,,,5,196.0-197.0,393216,3145728
20180424184825,,,,,4,196.0-197.0,524288,4194304
20180424184825,,,,,6,196.0-197.0,262144,2097152
20180424184825,,,,,-1,196.0-197.0,2228224,17825792
20180424184826,,,,,3,197.0-198.0,393216,3145728
20180424184826,,,,,4,197.0-198.0,393216,3145728
20180424184826,,,,,7,197.0-198.0,524288,4194304
20180424184826,,,,,5,197.0-198.0,524288,4194304
20180424184826,,,,,6,197.0-198.0,393216,3145728
20180424184826,,,,,-1,197.0-198.0,2228224,17825792
20180424184827,,,,,6,198.0-199.0,262144,2097152
20180424184827,,,,,3,198.0-199.0,524288,4194304
20180424184827,,,,,5,198.0-199.0,393216,3145728
20180424184827,,,,,4,198.0-199.0,524288,4194304
20180424184827,,,,,7,198.0-199.0,655360,5242880
20180424184827,,,,,-1,198.0-199.0,2359296,18874368
20180424184828,,,,,7,199.0-200.0,393216,3145728
20180424184828,,,,,4,199.0-200.0,393216,3145728
20180424184828,,,,,3,199.0-200.0,524288,4194304
20180424184828,,,,,5,199.0-200.0,524288,4194304
20180424184829,,,,,6,199.0-200.0,524288,4194304
20180424184829,,,,,-1,199.0-200.0,2359296,18874368
20180424184829,,,,,4,200.0-201.0,393216,3145728
20180424184829,,,,,3,200.0-201.0,393216,3145728
20180424184829,,,,,6,200.0-201.0,262144,2097152
20180424184829,,,,,7,200.0-201.0,524288,4194304
20180424184829,,,,,5,200.0-201.0,393216,3145728
20180424184829,,,,,-1,200.0-201.0,1966080,15728640
20180424184830,,,,,3,201.0-202.0,393216,3145728
20180424184830,,,,,4,201.0-202.0,393216,3145728
20180424184830,,,,,7,201.0-202.0,393216,3145728
20180424184830,,,,,5,201.0-202.0,393216,3145728
20180424184830,,,,,6,201.0-202.0,524288,4194304
20180424184830,,,,,-1,201.0-202.0,2097152,16777216
20180424184831,,,,,7,202.0-203.0,393216,3145728
20180424184831,,,,,5,202.0-203.0,393216,3145728
20180424184831,,,,,3,202.0-203.0,524288,4194304
20180424184831,,,,,6,202.0-203.0,393216,3145728
20180424184831,,,,,4,202.0-203.0,524288,4194304
20180424184831,,,,,-1,202.0-203.0,2228224,17825792
20180424184832,,,,,6,203.0-204.0,393216,3145728
20180424184832,,,,,5,203.0-204.0,524288,4194304
20180424184832,,,,,4,203.0-204.0,393216,3145728
20180424184832,,,,,3,203.0-204.0,393216,3145728
20180424184832,,,,,7,203.0-204.0,524288,4194304
20180424184832,,,,,-1,203.0-204.0,2228224,17825792
20180424184833,,,,,5,204.0-205.0,524288,4194304
20180424184833,,,,,4,204.0-205.0,393216,3145728
20180424184833,,,,,6,204.0-205.0,524288,4194304
20180424184833,,,,,3,204.0-205.0,393216,3145728
20180424184833,,,,,7,204.0-205.0,524288,4194304
20180424184833,,,,,-1,204.0-205.0,2359296,18874368
20180424184834,,,,,6,205.0-206.0,393216,3145728
20180424184834,,,,,3,205.0-206.0,393216,3145728
20180424184834,,,,,5,205.0-206.0,524288,4194304
20180424184834,,,,,4,205.0-206.0,393216,3145728
20180424184834,,,,,7,205.0-206.0,393216,3145728
20180424184834,,,,,-1,205.0-206.0,2097152,16777216
20180424184835,,,,,5,206.0-207.0,393216,3145728
20180424184835,,,,,3,206.0-207.0,393216,3145728
20180424184835,,,,,4,206.0-207.0,393216,3145728
20180424184835,,,,,6,206.0-207.0,393216,3145728
20180424184835,,,,,7,206.0-207.0,262144,2097152
20180424184835,,,,,-1,206.0-207.0,1835008,14680064
20180424184836,,,,,4,207.0-208.0,262144,2097152
20180424184836,,,,,6,207.0-208.0,262144,2097152
20180424184836,,,,,3,207.0-208.0,524288,4194304
20180424184836,,,,,7,207.0-208.0,262144,2097152
20180424184836,,,,,5,207.0-208.0,524288,4194304
20180424184836,,,,,-1,207.0-208.0,1835008,14680064
20180424184837,,,,,5,208.0-209.0,524288,4194304
20180424184837,,,,,6,208.0-209.0,524288,4194304
20180424184837,,,,,3,208.0-209.0,655360,5242880
20180424184837,,,,,4,208.0-209.0,655360,5242880
20180424184837,,,,,7,208.0-209.0,524288,4194304
20180424184837,,,,,-1,208.0-209.0,2883584,23068672
20180424184838,,,,,4,209.0-210.0,393216,3145728
20180424184838,,,,,6,209.0-210.0,393216,3145728
20180424184838,,,,,3,209.0-210.0,393216,3145728
20180424184838,,,,,5,209.0-210.0,524288,4194304
20180424184838,,,,,7,209.0-210.0,393216,3145728
20180424184838,,,,,-1,209.0-210.0,2097152,16777216
20180424184839,,,,,3,210.0-211.0,393216,3145728
20180424184839,,,,,6,210.0-211.0,524288,4194304
20180424184839,,,,,5,210.0-211.0,524288,4194304
20180424184839,,,,,4,210.0-211.0,524288,4194304
20180424184839,,,,,7,210.0-211.0,393216,3145728
20180424184839,,,,,-1,210.0-211.0,2359296,18874368
20180424184840,,,,,5,211.0-212.0,524288,4194304
20180424184840,,,,,4,211.0-212.0,393216,3145728
20180424184840,,,,,3,211.0-212.0,524288,4194304
20180424184840,,,,,7,211.0-212.0,393216,3145728
20180424184840,,,,,6,211.0-212.0,524288,4194304
20180424184840,,,,,-1,211.0-212.0,2359296,18874368
20180424184841,,,,,3,212.0-213.0,393216,3145728
20180424184841,,,,,5,212.0-213.0,524288,4194304
20180424184841,,,,,7,212.0-213.0,262144,2097152
20180424184841,,,,,4,212.0-213.0,262144,2097152
20180424184842,,,,,6,212.0-213.0,393216,3145728
20180424184842,,,,,-1,212.0-213.0,1835008,14680064
20180424184842,,,,,5,213.0-214.0,393216,3145728
20180424184842,,,,,3,213.0-214.0,524288,4194304
20180424184842,,,,,7,213.0-214.0,262144,2097152
20180424184842,,,,,4,213.0-214.0,262144,2097152
20180424184842,,,,,6,213.0-214.0,262144,2097152
20180424184842,,,,,-1,213.0-214.0,1703936,13631488
20180424184843,,,,,5,214.0-215.0,786432,6291456
20180424184843,,,,,3,214.0-215.0,655360,5242880
20180424184843,,,,,7,214.0-215.0,393216,3145728
20180424184843,,,,,4,214.0-215.0,393216,3145728
20180424184844,,,,,6,214.0-215.0,393216,3145728
20180424184844,,,,,-1,214.0-215.0,2621440,20971520
20180424184844,,,,,5,215.0-216.0,524288,4194304
20180424184844,,,,,3,215.0-216.0,655360,5242880
20180424184844,,,,,7,215.0-216.0,262144,2097152
20180424184844,,,,,6,215.0-216.0,262144,2097152
20180424184845,,,,,4,215.0-216.0,262144,2097152
20180424184845,,,,,-1,215.0-216.0,1966080,15728640
20180424184845,,,,,3,216.0-217.0,786432,6291456
20180424184845,,,,,5,216.0-217.0,655360,5242880
20180424184845,,,,,6,216.0-217.0,393216,3145728
20180424184846,,,,,3,217.0-218.0,917504,7340032
20180424184846,,,,,7,216.0-217.0,393216,3145728
20180424184846,,,,,4,216.0-217.0,262144,2097152
20180424184846,,,,,-1,216.0-217.0,2490368,19922944
20180424184846,,,,,5,217.0-218.0,393216,3145728
20180424184846,,,,,6,217.0-218.0,393216,3145728
20180424184847,,,,,7,217.0-218.0,131072,1048576
20180424184847,,,,,4,217.0-218.0,131072,1048576
20180424184847,,,,,-1,217.0-218.0,1966080,15728640
20180424184847,,,,,3,218.0-219.0,786432,6291456
20180424184847,,,,,6,218.0-219.0,262144,2097152
20180424184847,,,,,5,218.0-219.0,524288,4194304
20180424184848,,,,,4,218.0-219.0,262144,2097152
20180424184848,,,,,7,218.0-219.0,262144,2097152
20180424184848,,,,,-1,218.0-219.0,2097152,16777216
20180424184848,,,,,3,219.0-220.0,655360,5242880
20180424184848,,,,,5,219.0-220.0,262144,2097152
20180424184848,,,,,6,219.0-220.0,393216,3145728
20180424184848,,,,,4,219.0-220.0,131072,1048576
20180424184849,,,,,7,219.0-220.0,131072,1048576
20180424184849,,,,,-1,219.0-220.0,1572864,12582912
20180424184849,,,,,3,220.0-221.0,655360,5242880
20180424184849,,,,,5,220.0-221.0,524288,4194304
20180424184849,,,,,6,220.0-221.0,524288,4194304
20180424184849,,,,,4,220.0-221.0,262144,2097152
20180424184849,,,,,7,220.0-221.0,262144,2097152
20180424184849,,,,,-1,220.0-221.0,2228224,17825792
20180424184850,,,,,6,221.0-222.0,524288,4194304
20180424184850,,,,,3,221.0-222.0,917504,7340032
20180424184850,,,,,5,221.0-222.0,524288,4194304
20180424184850,,,,,7,221.0-222.0,262144,2097152
20180424184851,,,,,4,221.0-222.0,393216,3145728
20180424184851,,,,,-1,221.0-222.0,2621440,20971520
20180424184851,,,,,3,222.0-223.0,655360,5242880
20180424184851,,,,,5,222.0-223.0,524288,4194304
20180424184851,,,,,6,222.0-223.0,655360,5242880
20180424184851,,,,,4,222.0-223.0,262144,2097152
20180424184851,,,,,7,222.0-223.0,393216,3145728
20180424184851,,,,,-1,222.0-223.0,2490368,19922944
20180424184852,,,,,6,223.0-224.0,393216,3145728
20180424184852,,,,,3,223.0-224.0,655360,5242880
20180424184852,,,,,7,223.0-224.0,262144,2097152
20180424184852,,,,,5,223.0-224.0,524288,4194304
20180424184852,,,,,4,223.0-224.0,393216,3145728
20180424184852,,,,,-1,223.0-224.0,2228224,17825792
20180424184853,,,,,6,224.0-225.0,524288,4194304
20180424184853,,,,,3,224.0-225.0,655360,5242880
20180424184853,,,,,4,224.0-225.0,393216,3145728
20180424184853,,,,,5,224.0-225.0,524288,4194304
20180424184853,,,,,7,224.0-225.0,524288,4194304
20180424184853,,,,,-1,224.0-225.0,2621440,20971520
20180424184854,,,,,5,225.0-226.0,393216,3145728
20180424184854,,,,,6,225.0-226.0,655360,5242880
20180424184854,,,,,3,225.0-226.0,655360,5242880
